Array Size,Delay (sec),CPU Temperature (C)
1,0.000000,49.00
20001,0.002278,49.00
40001,0.005453,49.00
60001,0.009425,49.00
80001,0.015302,49.00
100001,0.017824,49.00
120001,0.017458,49.00
140001,0.021326,49.00
160001,0.023287,49.00
180001,0.026998,49.00
200001,0.030663,49.00
220001,0.032251,49.00
240001,0.034398,49.00
260001,0.039170,49.00
280001,0.042788,49.00
300001,0.042269,49.00
320001,0.043954,49.00
340001,0.047309,49.00
360001,0.058175,49.00
380001,0.059252,49.00
400001,0.060845,49.00
420001,0.064914,49.00
440001,0.069372,49.00
460001,0.072430,49.00
480001,0.072521,89.00
500001,0.076086,89.00
520001,0.074243,89.00
540001,0.080321,89.00
560001,0.080775,89.00
580001,0.083192,89.00
600001,0.086479,89.00
620001,0.091644,89.00
640001,0.089690,89.00
660001,0.092241,89.00
680001,0.095795,89.00
700001,0.101353,91.00
720001,0.103197,91.00
740001,0.107332,91.00
760001,0.110836,91.00
780001,0.112032,91.00
800001,0.117630,91.00
820001,0.118697,91.00
840001,0.127379,91.00
860001,0.124510,91.00
880001,0.128892,91.00
900001,0.136190,91.00
920001,0.135197,91.00
940001,0.136732,91.00
960001,0.139936,91.00
980001,0.143278,91.00
1000001,0.149749,91.00
1020001,0.150519,91.00
1040001,0.157961,91.00
1060001,0.161423,91.00
1080001,0.168700,91.00
1100001,0.166937,91.00
1120001,0.165802,91.00
1140001,0.171487,91.00
1160001,0.172441,91.00
1180001,0.175354,91.00
1200001,0.178060,91.00
1220001,0.181057,91.00
1240001,0.184170,91.00
1260001,0.188888,91.00
1280001,0.192294,91.00
1300001,0.193238,91.00
1320001,0.195114,91.00
1340001,0.197527,91.00
1360001,0.201431,91.00
1380001,0.206933,91.00
1400001,0.209074,91.00
1420001,0.212229,91.00
1440001,0.648887,92.00
1460001,0.487941,92.00
1480001,0.218554,54.00
1500001,0.223058,54.00
1520001,0.234403,54.00
1540001,0.238423,89.00
1560001,0.233967,89.00
1580001,0.245618,89.00
1600001,0.238845,89.00
1620001,0.254310,91.00
1640001,0.247472,91.00
1660001,0.260441,91.00
1680001,0.259226,91.00
1700001,0.853547,92.00
1720001,0.404391,55.00
1740001,0.260699,55.00
1760001,0.274826,55.00
1780001,0.276141,88.00
1800001,0.270078,88.00
1820001,0.288184,88.00
1840001,0.287699,88.00
1860001,0.291013,91.00
1880001,0.291526,91.00
1900001,0.291246,91.00
1920001,0.296704,91.00
1940001,0.301114,91.00
1960001,0.299613,91.00
1980001,0.304977,91.00
2000001,0.311646,91.00
2020001,0.316624,91.00
2040001,0.312766,91.00
2060001,0.315567,91.00
2080001,0.325106,91.00
2100001,0.806966,92.00
2120001,0.594553,92.00
2140001,0.344396,55.00
2160001,0.338949,55.00
2180001,0.357525,88.00
2200001,0.359089,88.00
2220001,0.366376,91.00
2240001,0.371292,91.00
2260001,0.365692,91.00
2280001,1.116021,92.00
2300001,0.365727,56.00
2320001,0.368559,56.00
2340001,0.374579,89.00
2360001,0.364770,89.00
2380001,0.376690,89.00
2400001,0.387054,91.00
2420001,0.379553,91.00
2440001,0.401864,91.00
2460001,0.457102,91.00
2480001,0.425323,91.00
2500001,0.425863,91.00
2520001,0.791072,91.00
2540001,0.731655,92.00
2560001,0.411647,56.00
2580001,0.413148,89.00
2600001,0.405123,89.00
2620001,0.430076,89.00
2640001,0.421240,91.00
2660001,0.431356,91.00
2680001,1.191288,92.00
2700001,0.480301,56.00
2720001,0.514925,56.00
2740001,0.467037,89.00
2760001,0.437884,89.00
2780001,0.442377,91.00
2800001,0.867098,91.00
2820001,0.720325,92.00
2840001,0.450628,56.00
2860001,0.449565,89.00
2880001,0.454898,89.00
2900001,0.460302,91.00
2920001,0.475758,91.00
2940001,0.480485,91.00
2960001,0.474059,91.00
2980001,0.478649,91.00
3000001,0.486054,91.00
3020001,0.481674,91.00
3040001,0.492492,91.00
3060001,0.487829,91.00
3080001,0.492282,91.00
3100001,0.493542,91.00
3120001,0.498072,91.00
3140001,1.236809,92.00
3160001,0.485905,57.00
3180001,0.483512,57.00
3200001,0.483520,74.00
3220001,0.479659,74.00
3240001,0.493039,77.00
3260001,0.501030,77.00
3280001,0.507084,77.00
3300001,0.505986,77.00
3320001,0.544526,77.00
3340001,0.523638,80.00
3360001,0.509467,80.00
3380001,0.532286,79.00
3400001,0.519132,79.00
3420001,0.529371,78.00
3440001,0.531988,78.00
3460001,0.526006,77.00
3480001,0.532278,77.00
3500001,0.524761,78.00
3520001,0.525675,80.00
3540001,0.536878,80.00
3560001,0.587864,79.00
3580001,0.596161,79.00
3600001,0.587036,80.00
3620001,0.585137,90.00
3640001,0.585855,90.00
3660001,0.594286,91.00
3680001,1.328535,91.00
3700001,0.579379,57.00
3720001,0.591130,57.00
3740001,0.602913,89.00
3760001,0.608438,91.00
3780001,1.027983,91.00
3800001,0.826313,92.00
3820001,0.611333,57.00
3840001,0.618370,89.00
3860001,0.618476,91.00
3880001,0.952343,91.00
3900001,0.990873,92.00
3920001,0.658041,57.00
3940001,0.638494,89.00
3960001,0.637785,91.00
3980001,1.385193,91.00
4000001,0.606782,57.00
4020001,0.617227,57.00
4040001,0.608760,76.00
4060001,0.629088,80.00
4080001,0.629575,80.00
4100001,0.630622,79.00
4120001,0.656325,80.00
4140001,0.656601,80.00
4160001,0.651679,79.00
4180001,0.646391,79.00
4200001,0.656707,79.00
4220001,0.660909,80.00
4240001,0.658455,79.00
4260001,0.650584,80.00
4280001,0.667135,80.00
4300001,0.647837,80.00
4320001,0.661096,81.00
4340001,0.684039,81.00
4360001,0.688569,82.00
4380001,0.685318,79.00
4400001,0.708356,79.00
4420001,0.767632,80.00
4440001,0.692066,81.00
4460001,0.681409,80.00
4480001,0.694968,80.00
4500001,0.720998,81.00
4520001,0.764594,81.00
4540001,0.815285,82.00
4560001,0.728841,85.00
4580001,0.732411,85.00
4600001,0.740394,80.00
4620001,0.734017,80.00
4640001,0.733947,81.00
4660001,0.738562,81.00
4680001,0.732554,80.00
4700001,0.729301,82.00
4720001,0.810299,82.00
4740001,0.785950,79.00
4760001,0.779013,79.00
4780001,0.799126,83.00
4800001,0.794785,90.00
4820001,0.787136,91.00
4840001,0.782864,91.00
4860001,0.797470,91.00
4880001,0.785132,91.00
4900001,0.826266,91.00
4920001,0.831298,91.00
4940001,0.788900,91.00
4960001,0.786050,91.00
4980001,0.794329,91.00
5000001,0.863323,91.00
5020001,0.843033,91.00
5040001,0.940933,91.00
5060001,0.806408,91.00
5080001,0.823257,91.00
5100001,0.821777,91.00
5120001,1.494018,92.00
5140001,0.899807,60.00
5160001,0.988135,79.00
5180001,0.914174,81.00
5200001,0.873038,81.00
5220001,0.817083,81.00
5240001,0.861186,84.00
5260001,0.911131,82.00
5280001,0.855803,81.00
5300001,0.879101,91.00
5320001,0.866784,91.00
5340001,0.875981,91.00
5360001,0.901496,91.00
5380001,0.899910,91.00
5400001,0.891214,91.00
5420001,0.877643,91.00
5440001,0.892188,91.00
5460001,0.898843,91.00
5480001,0.884695,91.00
5500001,0.888702,91.00
5520001,0.880181,91.00
5540001,0.893580,91.00
5560001,1.010127,91.00
5580001,1.685844,91.00
5600001,0.936637,60.00
5620001,0.951563,89.00
5640001,1.042274,91.00
5660001,1.471097,92.00
5680001,0.964557,89.00
5700001,0.961315,91.00
5720001,0.963993,91.00
5740001,1.030950,91.00
5760001,1.745752,92.00
5780001,1.078132,60.00
5800001,1.108552,91.00
5820001,1.120384,91.00
5840001,1.076204,91.00
5860001,1.818242,91.00
5880001,1.015260,61.00
5900001,1.009961,89.00
5920001,1.010727,91.00
5940001,1.030964,91.00
5960001,1.003402,91.00
5980001,1.015946,91.00
